{"duration": 0.008474349975585938, "input_args": {}, "time": 1766434216.9289849}